{"cameraMode":{"drawMode":0,"name":"Shaded","section":"Shading Mode"},"sceneLighting":true,"audioPlay":false,"sceneViewState":{"showFog":true,"showMaterialUpdate":false,"showSkybox":true,"showFlares":true,"showImageEffects":true,"showParticleSystems":true},"in2DMode":false,"pivot":{"x":6.703699588775635,"y":1.29595947265625,"z":49.68867111206055},"rotation":{"x":-0.06774702668190003,"y":0.0062794494442641739,"z":-0.0004279096028767526,"w":-0.9976951479911804},"size":45.16313552856445,"orthographic":true}