{"cameraMode":{"drawMode":0,"name":"Shaded","section":"Shading Mode"},"sceneLighting":false,"audioPlay":false,"sceneViewState":{"showFog":true,"showMaterialUpdate":false,"showSkybox":false,"showFlares":true,"showImageEffects":true,"showParticleSystems":true},"in2DMode":false,"pivot":{"x":23.337337493896486,"y":12.175975799560547,"z":5.159055709838867},"rotation":{"x":0.020623473450541498,"y":-0.8316455483436585,"z":0.03094763495028019,"w":0.554080605506897},"size":9.073607444763184,"orthographic":true}