{"cameraMode":{"drawMode":0,"name":"Shaded","section":"Shading Mode"},"sceneLighting":false,"audioPlay":false,"sceneViewState":{"showFog":true,"showMaterialUpdate":false,"showSkybox":false,"showFlares":true,"showImageEffects":true,"showParticleSystems":true},"in2DMode":false,"pivot":{"x":0.2666645050048828,"y":1.556331992149353,"z":-0.5080576539039612},"rotation":{"x":0.020989930257201196,"y":0.16953802108764649,"z":-0.003611717838793993,"w":0.985293447971344},"size":1.2503364086151124,"orthographic":true}